,x-,y-,z-,x+,y+,z+,type,Pozent
0,17.139638781547546,0.475311279296875,18.868646144866943,28.0,28.0,27.954368114471436,16.0,0.9994342923164368
